title,source,published,url
'Threat of Russia cannot be ignored' Starmer tells BBC as he unveils defence spending plans,bbc-news,2025-06-02T05:38:30Z,https://www.bbc.co.uk/news/live/cz63y1yldq2t
Mass protests against Trump across US as president holds military parade,bbc-news,2025-06-14T18:53:09Z,https://www.bbc.co.uk/news/articles/c70622038yxo
Edgar Lungu: Zambia's former president dies aged 68,bbc-news,2025-06-05T12:59:35Z,https://www.bbc.co.uk/news/articles/cn4gp07y3xmo
Elon Musk bids farewell to White House but says Doge will continue,bbc-news,2025-05-29T01:26:10Z,https://www.bbc.co.uk/news/articles/cz9y4exj822o
Trump and Musk enter bitter feud - and Washington buckles up,bbc-news,2025-06-05T19:11:23Z,https://www.bbc.co.uk/news/articles/c3wd2215q08o
Tesla shares hit as Trump-Musk feud explodes,bbc-news,2025-06-06T06:47:24Z,https://www.bbc.co.uk/news/articles/cy902rv7q8do
Edgar Lungu: Zambian ex-president's family settle funeral row with government,bbc-news,2025-06-16T12:00:42Z,https://www.bbc.co.uk/news/articles/c1kvkwdp1xzo
Edgar Lungu funeral row causes chaos for mourners of Zambia's ex-president,bbc-news,2025-06-11T04:36:35Z,https://www.bbc.co.uk/news/articles/czr8jz0jxn3o
Ramaphosa survives Trump ambush over 'white genocide',bbc-news,2025-05-22T00:46:14Z,https://www.bbc.co.uk/news/articles/cz9yyd2epk2o
Cyril Ramaphosa: Rebuked by Donald Trump but praised in South Africa,bbc-news,2025-05-24T06:23:48Z,https://www.bbc.co.uk/news/articles/c2e3z8v1rvlo
King’s Birthday Honours 2025: Gary Oldman and Strictly hosts Tess and Claudia join David Beckham,bbc-news,2025-06-13T21:30:07Z,https://www.bbc.co.uk/news/articles/cly30wpz01po
Trump 'disappointed' with Elon Musk's attacks on budget bill,bbc-news,2025-06-05T16:44:43Z,https://www.bbc.co.uk/news/articles/c5yg98rl717o
Trump and Musk: The 10 days that unravelled their relationship,bbc-news,2025-06-06T18:57:24Z,https://www.bbc.co.uk/news/articles/clyr7v79q4yo
Edgar Lungu funeral: Zambia's ex-president left instructions that Hichilema should stay away,bbc-news,2025-06-12T15:12:33Z,https://www.bbc.co.uk/news/articles/cn4qe2gnl5no
Tesla sales slumping in Europe,cnn,2025-05-27T14:35:41Z,https://www.cnn.com/2025/05/27/business/video/tesla-europe-sales-slump-cooban-live-ctw-052709aseg2-cnni-business?cid=external-feeds_iluminar_yahoo
FOX STRUGGLES WITH BREAKUP...,cnn,2025-06-06T17:00:03Z,https://www.cnn.com/2025/06/06/media/fox-news-trump-musk
How a ‘miracle’ season ended the ‘age of innocence’ in Italian soccer,cnn,2025-05-23T10:11:26Z,https://www.cnn.com/2025/05/23/sport/hellas-verona-1984-85-serie-a-italy-spt-intl
"The 10 biggest ways Trump has changed our politics, 10 years later | CNN Politics",cnn,2025-06-16T11:00:03Z,https://www.cnn.com/2025/06/16/politics/trump-golden-escalator-10-years-later-analysis
Trump and Xi hold long-awaited trade call | CNN Politics,cnn,2025-06-05T13:27:41Z,https://www.cnn.com/2025/06/05/politics/trump-xi-trade-call
Inside the room at Trump’s meme coin dinner | CNN Politics,cnn,2025-05-23T13:03:55Z,https://www.cnn.com/2025/05/23/politics/trump-crypto-meme-coin-dinner
Police arrest roughly 60 protesters outside US Capitol | CNN Politics,cnn,2025-06-14T02:10:59Z,https://www.cnn.com/2025/06/13/politics/protesters-arrested-us-capitol
Biden diagnosed with ‘aggressive form’ of prostate cancer | CNN Politics,cnn,2025-05-18T20:06:11Z,https://www.cnn.com/2025/05/18/politics/joe-biden-prostate-cancer
GOP congresswoman faces bipartisan criticism for deleted post about Sikh guest chaplain | CNN Politics,cnn,2025-06-06T20:21:09Z,https://www.cnn.com/2025/06/06/politics/congresswoman-post-house-prayer
Afghans who helped US war effort feel betrayed by Trump’s travel ban | CNN Politics,cnn,2025-06-08T13:00:05Z,https://www.cnn.com/2025/06/08/politics/afghans-who-helped-us-war-effort-feel-betrayed-by-trumps-travel-ban
"Trump preparing large-scale cancellation of federal funding for California, sources say | CNN Politics",cnn,2025-06-06T16:01:08Z,https://www.cnn.com/2025/06/06/politics/trump-california-federal-funding
Supreme Court deadlock leaves in place ruling blocking nation’s first religious charter school | CNN Politics,cnn,2025-05-22T14:12:46Z,https://www.cnn.com/2025/05/22/politics/supreme-court-st-isidore-oklahoma
Republican Sen. Tommy Tuberville announces bid for Alabama governor | CNN Politics,cnn,2025-05-27T21:29:16Z,https://www.cnn.com/2025/05/27/politics/tommy-tuberville-alabama-governor
White House says it will announce new pick for NASA chief | CNN Politics,cnn,2025-05-31T20:04:38Z,https://www.cnn.com/2025/05/31/politics/nasa-jared-isaacman-trump-pull
‘It is a whole different environment’: Republicans revisit key Biden investigations with new momentum | CNN Politics,cnn,2025-06-03T22:45:26Z,https://www.cnn.com/2025/06/03/politics/republicans-investigate-biden-congress
"Man admits to attempting to frame migrant accused of threatening Trump, prosecutors say | CNN Politics",cnn,2025-06-03T17:13:46Z,https://www.cnn.com/2025/06/03/politics/wisconsin-man-threaten-trump-migrant-dhs
Musk blasts Trump’s agenda bill as a ‘disgusting abomination’ | CNN Politics,cnn,2025-06-03T18:01:38Z,https://www.cnn.com/2025/06/03/politics/elon-musk-trump-republican-bill
Federal appeals court wrestles with Trump effort to fight hush money conviction | CNN Politics,cnn,2025-06-11T17:57:10Z,https://www.cnn.com/2025/06/11/politics/trump-hush-money-conviction-arguments
An unrestrained Trump defends deploying military to Los Angeles during Fort Bragg visit | CNN Politics,cnn,2025-06-10T22:34:28Z,https://www.cnn.com/2025/06/10/politics/trump-military-fort-bragg-los-angeles
Trump orders ICE officers to expand deportation efforts in Democratic cities | CNN Politics,cnn,2025-06-16T12:10:29Z,https://www.cnn.com/2025/06/16/politics/trump-immigration-democratic-deportation-efforts
Supreme Court lets Trump move toward ending temporary deportation protections for Venezuelans | CNN Politics,cnn,2025-05-19T16:59:39Z,https://www.cnn.com/2025/05/19/politics/supreme-court-tps-venezuelans
Trump considering former personal attorney Emil Bove for federal judgeship | CNN Politics,cnn,2025-05-19T18:24:24Z,https://www.cnn.com/2025/05/19/politics/trump-bove-federal-judge
Federal judge overturns Trump’s executive order targeting law firm Jenner & Block | CNN Politics,cnn,2025-05-23T20:35:44Z,https://www.cnn.com/2025/05/23/politics/jenner-and-block-executive-order
Abrego Garcia’s attorneys still want Trump administration officials held in contempt | CNN Politics,cnn,2025-06-09T02:20:52Z,https://www.cnn.com/2025/06/08/politics/abrego-garcia-contempt-case
Trump administration returns migrant hastily deported to Mexico back to the US | CNN Politics,cnn,2025-06-04T21:28:58Z,https://www.cnn.com/2025/06/04/politics/migrant-deported-mexico-returned-trump-administration
"White House ban on Associated Press can continue, appeals court rules | CNN Politics",cnn,2025-06-06T21:14:53Z,https://www.cnn.com/2025/06/06/politics/white-house-ban-associated-press-continue
Newsom and California confront Trump with a potential blueprint for Democrats | CNN Politics,cnn,2025-06-11T10:24:13Z,https://www.cnn.com/2025/06/11/politics/gavin-newsom-democrats-fight-trump
Hegseth orders renaming of ship named after gay rights icon Harvey Milk | CNN Politics,cnn,2025-06-03T18:48:26Z,https://www.cnn.com/2025/06/03/politics/hegseth-orders-renaming-ship-named-harvey-milk
Judge blocks Trump from cutting off gender-affirming care for federal inmates | CNN Politics,cnn,2025-06-03T17:41:52Z,https://www.cnn.com/2025/06/03/politics/judge-federal-prisons-transgender
What makes Trump’s new portrait different from his predecessors’ | CNN Politics,cnn,2025-06-03T15:46:50Z,https://www.cnn.com/2025/06/03/politics/trump-new-official-portrait-white-house
Gokhale Institute & SIS now lock horns over cash control,the-times-of-india,2025-06-13T00:00:38Z,https://timesofindia.indiatimes.com/india/gokhale-institute-sis-now-lock-horns-over-cash-control/articleshow/121814097.cms
"Behind the curtain: How RBI navigates politics, pressure, and prudence",the-times-of-india,2025-06-04T17:27:01Z,https://economictimes.indiatimes.com/opinion/et-commentary/behind-the-curtain-how-rbi-navigates-politics-pressure-and-prudence/articleshow/121629383.cms
Revisiting ‘TWO’: Ray’s take on war & politics,the-times-of-india,2025-05-18T09:59:15Z,https://timesofindia.indiatimes.com/entertainment/bengali/movies/news/revisiting-two-rays-take-on-war-politics/articleshow/121247869.cms
TMC slams Amit Shah's 'Sindoor politics',the-times-of-india,2025-06-01T23:31:14Z,https://timesofindia.indiatimes.com/india/tmc-slams-amit-shahs-sindoor-politics/articleshow/121557652.cms
Chirag Paswan: Ready to contest Bihar polls if it boosts LJP's strike rate,the-times-of-india,2025-06-02T19:50:33Z,https://timesofindia.indiatimes.com/india/chirag-paswan-ready-to-contest-bihar-polls-if-it-boosts-ljps-strike-rate/articleshow/121580364.cms
DMK is doing politics with NEET: Premalatha Vijayakanth,the-times-of-india,2025-05-21T17:44:30Z,https://timesofindia.indiatimes.com/city/salem/dmk-is-doing-politics-with-neet-premalatha-vijayakanth/articleshow/121322398.cms
Gujarat Congress leaders face heat over caste politics,the-times-of-india,2025-06-02T18:04:11Z,https://economictimes.indiatimes.com/news/politics-and-nation/gujarat-congress-leaders-face-heat-over-caste-politics/articleshow/121578501.cms
South Korea: Can new president end 'revenge politics'?,the-times-of-india,2025-06-13T10:53:01Z,https://timesofindia.indiatimes.com/world/rest-of-world/south-korea-can-new-president-end-revenge-politics/articleshow/121827793.cms
From food to politics: Parents bond outside exam halls,the-times-of-india,2025-06-01T18:50:10Z,https://economictimes.indiatimes.com/news/india/from-food-to-politics-parents-bond-outside-exam-halls/articleshow/121555277.cms
World Cup 2026: Could co-host politics have an impact?,the-times-of-india,2025-06-11T11:15:59Z,https://timesofindia.indiatimes.com/world/rest-of-world/world-cup-2026-could-co-host-politics-have-an-impact/articleshow/121777692.cms
Vance urges crypto industry to stay involved in politics as he touts Trump administration's record,the-times-of-india,2025-05-29T03:24:47Z,https://economictimes.indiatimes.com/markets/cryptocurrency/vance-urges-crypto-industry-to-stay-involved-in-politics-as-he-touts-trump-administrations-record/articleshow/121478653.cms
What happened to CYSS? Why AAP rebooted its student wing,the-times-of-india,2025-05-21T04:45:04Z,https://timesofindia.indiatimes.com/city/delhi/what-happened-to-cyss-why-aap-rebooted-its-student-wing/articleshow/121306578.cms
AAP officially ventures into student politcs with new wing Association of Students for Alternative Politic,the-times-of-india,2025-05-20T07:53:37Z,https://economictimes.indiatimes.com/news/politics-and-nation/aap-officially-ventures-into-student-politcs-with-new-wing-association-of-students-for-alternative-politic/articleshow/121286503.cms
No concensus? Why counting castes in India is a minefield,the-times-of-india,2025-06-07T13:22:07Z,https://timesofindia.indiatimes.com/toi-plus/politics/no-concensus-why-counting-castes-in-india-is-a-minefield/articleshow/121694578.cms
"Morning news wrap: Trump unveils $175 billion ‘Golden Dome’ defence shield, MS Dhoni brutally roasted as netizens ask for IPL retirement & more",the-times-of-india,2025-05-21T04:42:01Z,https://timesofindia.indiatimes.com/india/morning-news-wrap-muslim-side-urges-sc-to-stay-waqf-amendment-act-ms-dhoni-brutally-roasted-as-netizens-ask-for-ipl-retirement-more/articleshow/121303896.cms
Was he annoyed with Donald Trump and his cabinet members after DOGE's poor performance? Elon Musk says he will cut political spending in a blow to Republicans,the-times-of-india,2025-05-20T16:14:58Z,https://economictimes.indiatimes.com/news/international/us/was-he-annoyed-with-donald-trump-and-his-cabinet-members-after-doges-poor-performance-elon-musk-says-he-will-cut-political-spending-in-a-blow-to-republicans/articleshow/121296961.cms
Elon Musk's pullback from politics comes after his last big investment was a flop,the-times-of-india,2025-05-21T04:31:16Z,https://economictimes.indiatimes.com/news/international/global-trends/elon-musks-pullback-from-politics-comes-after-his-last-big-investment-was-a-flop/articleshow/121306291.cms
Think tank launches Trump Study Circle to help Indians understand US politics,the-times-of-india,2025-06-12T15:47:29Z,https://timesofindia.indiatimes.com/india/think-tank-launches-trump-study-circle-to-help-indians-understand-us-politics/articleshow/121807574.cms
"Calin Georgescu, frontrunner in Romania's canceled election, announces withdrawal from politics",the-times-of-india,2025-05-27T09:36:55Z,https://timesofindia.indiatimes.com/world/europe/calin-georgescu-frontrunner-in-romanias-canceled-election-announces-withdrawal-from-politics/articleshow/121434793.cms
"When it comes to national security, I stand firm beyond politics: TMC's Abhishek Banerjee in Singapore",the-times-of-india,2025-05-28T04:26:32Z,https://economictimes.indiatimes.com/news/india/when-it-comes-to-national-security-i-stand-firm-beyond-politics-tmcs-abhishek-banerjee-in-singapore/articleshow/121454469.cms
From AfD to Reform UK: The far right and European politics,the-times-of-india,2025-05-19T10:05:56Z,https://timesofindia.indiatimes.com/world/europe/from-afd-to-reform-uk-the-far-right-and-european-politics/articleshow/121266749.cms
Trump's travel ban fuels despair and disgust with politics among Arab Americans in Michigan,the-times-of-india,2025-06-12T04:25:37Z,https://timesofindia.indiatimes.com/world/us/trumps-travel-ban-fuels-despair-and-disgust-with-politics-among-arab-americans-in-michigan/articleshow/121792654.cms
"Emergency reserves, high prices, rationing. How did Japan's rice crisis get this far?",the-times-of-india,2025-05-23T05:04:23Z,https://timesofindia.indiatimes.com/world/rest-of-world/emergency-reserves-high-prices-rationing-how-did-japans-rice-crisis-get-this-far/articleshow/121354227.cms
"Avoid speaking out of turn, PM warns netas at NDA meet",the-times-of-india,2025-05-25T20:35:10Z,https://timesofindia.indiatimes.com/india/avoid-speaking-out-of-turn-pm-warns-netas-at-nda-meet/articleshow/121398974.cms
Nimrat Kaur on playing a royal on screen! Says it’s the craziest role she’s ever played,the-times-of-india,2025-05-19T12:55:12Z,https://timesofindia.indiatimes.com/entertainment/hindi/bollywood/news/nimrat-kaurs-royal-transformation-the-craziest-role-on-screen-in-kull/articleshow/121270655.cms
Nadda hails Modi-era shift to performance politics,the-times-of-india,2025-06-09T18:08:31Z,https://economictimes.indiatimes.com/news/politics-and-nation/nadda-hails-modi-era-shift-to-performance-politics/articleshow/121735555.cms
"‘BJP trying to paint caste colour on Periyar’: Vijay slams Centre, urges students to reject divisive politics",the-times-of-india,2025-05-30T07:26:42Z,https://timesofindia.indiatimes.com/city/chennai/bjp-trying-to-paint-caste-colour-on-periyar-vijay-slams-centre-urges-students-to-reject-divisive-politics/articleshow/121510291.cms
From head boy to prime minister: What are Rishi Sunak’s educational qualifications?,the-times-of-india,2025-06-04T09:56:34Z,https://timesofindia.indiatimes.com/etimes/trending/from-head-boy-to-prime-minister-what-are-rishi-sunaks-educational-qualifications/articleshow/121620142.cms
"As 2026 Bengal polls near, BJP uses 'Sindoor' to weaken TMC’s hold on Mamata’s loyal women voters",the-times-of-india,2025-06-02T06:33:39Z,https://economictimes.indiatimes.com/news/new-updates/as-2026-bengal-polls-near-bjp-uses-sindoor-to-weaken-tmcs-hold-on-mamatas-loyal-women-voters/articleshow/121564356.cms
Poll shock: Alexandria Ocasio-Cortez rockets ahead of Chuck Schumer by double digits in high-stakes popularity battle,the-times-of-india,2025-05-26T12:28:57Z,https://economictimes.indiatimes.com/news/international/us/poll-shock-alexandria-ocasio-cortez-rockets-ahead-of-chuck-schumer-by-double-digits-in-high-stakes-popularity-battle/articleshow/121414835.cms
Fox News Politics Newsletter: 'Totally lost it',fox-news,2025-06-06T20:46:08Z,https://www.foxnews.com/politics/fox-news-politics-newsletter-totally-lost-it
Fox News Politics Newsletter: Elon's Exit,fox-news,2025-05-29T20:18:37Z,https://www.foxnews.com/politics/fox-news-politics-newsletter-elons-exit
Fox News Politics Newsletter: Arrest-ing Developments,fox-news,2025-06-09T22:23:07Z,https://www.foxnews.com/politics/fox-news-politics-newsletter-arrest-ing-developments
Fox News Politics Newsletter: AOC Thaws Out 'Abolish ICE' Pitch to Fire Up Fundraising,fox-news,2025-05-28T21:43:23Z,https://www.foxnews.com/politics/fox-news-politics-newsletter-aoc-thaws-out-abolish-ice-pitch-fire-up-fundraising
Fox News Politics Newsletter: Trump Notches Supreme Win on Deportations,fox-news,2025-05-30T22:02:09Z,https://www.foxnews.com/politics/fox-news-politics-newsletter-trump-notches-supreme-win-deportations
Fox News Politics Newsletter: Trump sets the 'gold standard' for science,fox-news,2025-05-23T20:05:49Z,https://www.foxnews.com/politics/fox-news-politics-newsletter-trump-sets-gold-standard-science
Fox News Politics Newsletter: 'Disturbing Pattern' at Migrant Shelters,fox-news,2025-06-11T20:01:01Z,https://www.foxnews.com/politics/fox-news-politics-newsletter-disturbing-pattern-migrant-shelters
Fox News Politics Newsletter: Ex-IRS Contractor Pleads Fifth in Trump Tax-Leak Probe,fox-news,2025-06-05T01:23:27Z,https://www.foxnews.com/politics/fox-news-politics-newsletter-ex-irs-contractor-pleads-fifth-trump-tax-leak-probe
Fox News Politics Newsletter: Trump's Clear Message to Tehran,fox-news,2025-06-13T22:48:25Z,https://www.foxnews.com/politics/fox-news-politics-newsletter-trumps-clear-message-tehran
"Fox News Politics News: 'Donald Is Right,' Says EU Leader",fox-news,2025-06-17T20:23:58Z,https://www.foxnews.com/politics/fox-news-politics-news-donald-right-says-eu-leader
Fox News Politics Newsletter: Baraka Sues Trump-appointed Prosecutor,fox-news,2025-06-03T22:27:15Z,https://www.foxnews.com/politics/fox-news-politics-newsletter-baraka-sues-trump-appointed-prosecutor
Fox News Politics Newsletter: Trump DHS Nixes Harvard's Student Visas,fox-news,2025-05-22T23:30:33Z,https://www.foxnews.com/politics/fox-news-politics-newsletter-trump-dhs-nixes-harvards-student-visas
Fox News Politics Newsletter: Xi Sees Red Over Trump's 'Golden Dome',fox-news,2025-05-21T23:06:56Z,https://www.foxnews.com/politics/fox-news-politics-newsletter-xi-sees-red-over-trumps-golden-dome
Fox News Politics Newsletter: Hillary Clinton Catches Flak for Dissing Army Birthday Parade,fox-news,2025-06-16T20:06:00Z,https://www.foxnews.com/politics/fox-news-politics-newsletter-hillary-clinton-catches-flak-dissing-army-birthday-parade
Fox News Politics Newsletter: Maxine Waters' History of Fanning Flames,fox-news,2025-06-12T22:04:37Z,https://www.foxnews.com/politics/fox-news-politics-newsletter-maxine-waters-history-fanning-flames
Fox News Politics Newsletter: Another High Court Win for Trump,fox-news,2025-05-19T22:02:18Z,https://www.foxnews.com/politics/fox-news-politics-newsletter-another-high-court-win-trump
Fox News Politics Newsletter: RFK Jr Savages Senate Dem in Second Testy Hearing,fox-news,2025-05-20T20:18:06Z,https://www.foxnews.com/politics/fox-news-politics-newsletter-rfk-jr-savages-senate-dem-second-testy-hearing
Fox News Politics Newsletter: Trump's war with Harvard,fox-news,2025-05-27T21:07:46Z,https://www.foxnews.com/deals/fox-news-politics-newsletter-trumps-war-with-harvard
Fox News Politics Newsletter: Trump's war with Harvard,fox-news,2025-05-27T21:07:46Z,https://www.foxnews.com/politics/fox-news-politics-newsletter-trumps-war-with-harvard
Fox News Politics Newsletter: Fetterman Draws the Line with Dems on Border,fox-news,2025-06-02T23:43:14Z,https://www.foxnews.com/politics/fox-news-politics-newsletter-fetterman-draws-line-dems-border
"Fox News Politics Newsletter: A ‘Big, Beautiful’ Feud",fox-news,2025-06-05T22:15:59Z,https://www.foxnews.com/politics/fox-news-politics-newsletter-big-beautiful-feud
Fox News Politics Newsletter: Hillary ‘Can’t Handle the Ratio',fox-news,2025-06-10T21:25:31Z,https://www.foxnews.com/politics/fox-news-politics-newsletter-hillary-cant-handle-ratio
Rewarding racism: How tribal politics is tearing America apart,fox-news,2025-05-20T14:00:25Z,https://www.foxnews.com/opinion/rewarding-racism-how-tribal-politics-tearing-america-apart
"Sen. John Fetterman supports Trump's military parades, calls on Americans to celebrate regardless of politics",fox-news,2025-06-15T17:39:19Z,https://www.foxnews.com/media/sen-john-fetterman-supports-trumps-military-parades-calls-americans-celebrate-regardless-politics
Romanian populist who ran for president before election was annulled steps away from politics,fox-news,2025-05-27T11:27:45Z,https://www.foxnews.com/world/romanian-populist-who-ran-president-before-election-annulled-steps-away-politics
Ex-Democratic leader warns party is 'dying' as key issues leave voters wanting 'new way forward',fox-news,2025-06-03T15:36:25Z,https://www.foxnews.com/media/ex-democratic-leader-warns-party-dying-key-issues-leave-voters-wanting-new-way-forward
DAVID MARCUS: The invisible hand that governed America during Biden years,fox-news,2025-05-21T19:34:53Z,https://www.foxnews.com/opinion/david-marcus-invisible-hand-governed-america-during-biden-years
President Trump’s visa policy thwarts China’s spy network on college campuses – and in Congress,fox-news,2025-06-03T09:00:34Z,https://www.foxnews.com/opinion/president-trumps-visa-policy-thwarts-chinas-spy-network-college-campuses-congress
"Elon Musk’s official role at Trump’s DOGE ends, but his political impact lingers ahead of midterms",fox-news,2025-05-30T15:45:50Z,https://www.foxnews.com/politics/elon-musks-lingering-political-impact-were-gop-concerns-doge-leaders-risks-behind-his-departure
Dave Portnoy rips Democrats and liberal media for Biden cognitive decline 'cover-up',fox-news,2025-05-18T20:00:23Z,https://www.foxnews.com/media/dave-portnoy-rips-democrats-liberal-media-biden-mental-acuity-cover-up
The Fifth Floor: Russia's 'grey zone' war,bbc-news,2025-05-31T12:30:00Z,https://www.bbc.co.uk/programmes/p0lf6xyj
Why does Moldova matter to Putin?,bbc-news,2025-06-07T12:30:00Z,https://www.bbc.co.uk/programmes/p0lgc942
Spain calls for arms embargo against Israel,bbc-news,2025-05-25T21:18:00Z,https://www.bbc.co.uk/programmes/w172zss2c9ng5xr
South Korea elections: They helped oust a president. Now women say they are invisible again,bbc-news,2025-06-01T00:33:55Z,https://www.bbc.co.uk/news/articles/cy8njzr42zvo
"Labour wins Hamilton, Larkhall and Stonehouse by-election",bbc-news,2025-06-06T00:35:16Z,https://www.bbc.co.uk/news/articles/cpw7ppj2wyxo
Poland election: Conservative historian Nawrocki wins presidential vote,bbc-news,2025-06-01T20:51:52Z,https://www.bbc.co.uk/news/articles/cx27897vedno
Trump and Musk enter bitter feud - and Washington buckles up,bbc-news,2025-06-05T19:11:23Z,https://www.bbc.co.uk/news/articles/c3wd2215q08o
Ukraine and Russia exchange 780 soldiers and civilians in biggest swap,bbc-news,2025-05-23T12:44:41Z,https://www.bbc.co.uk/news/articles/cy4eyjxz7eno
Conservative councillor's wife loses appeal over race hate tweet,bbc-news,2025-05-20T10:11:09Z,https://www.bbc.co.uk/news/articles/c3v5926yeqro
Ken Ofori-Atta: Interpol issues red notice for Ghana's fugitive ex-minister,bbc-news,2025-06-06T10:08:27Z,https://www.bbc.co.uk/news/articles/ckg782knkd5o
Tundu Lissu: Defiant Tanzanian opposition leader appears in court in Dar es Salaam,bbc-news,2025-05-19T11:28:57Z,https://www.bbc.co.uk/news/articles/c4g2rw7zp7no
Maurice Kamto: Police surround home of opposition firebrand in Cameroon,bbc-news,2025-06-09T14:05:20Z,https://www.bbc.co.uk/news/articles/c989v0pz13eo
Kenyan activist Boniface Mwangi speaks of 'sexual torture' in Tanzania,bbc-news,2025-06-03T14:34:36Z,https://www.bbc.co.uk/news/articles/cwy6x7jgx75o
"Tanzania blocks X because of pornography, says Information Minister Jerry Silaa",bbc-news,2025-06-04T19:17:11Z,https://www.bbc.co.uk/news/articles/cx2e1y02w21o
Federal judge blocks Trump executive order that requires proof of US citizenship to vote and limits mail-in ballots,cnn,2025-06-13T13:34:15Z,https://www.cnn.com/2025/06/13/politics/judge-trump-executive-order-voting-citizenship
"Shut out of power in Washington, Democrats grapple with how to win over young men and working-class voters",cnn,2025-06-02T12:00:03Z,https://www.cnn.com/2025/06/02/politics/democrats-young-men-working-class-voters
Trump administration sues North Carolina election officials over thousands of voter registrations | CNN Politics,cnn,2025-05-27T23:06:42Z,https://www.cnn.com/2025/05/27/politics/doj-north-carolina-lawsuit-voter-registrations
"Mike Lindell, a key figure in Trump’s conspiracy coalition, goes on trial",cnn,2025-06-03T19:21:50Z,https://www.cnn.com/2025/06/03/media/mike-lindell-trump-dominion-defamation-trial-mypillow
Dutch government collapses as Wilders’ far-right party leaves coalition | CNN,cnn,2025-06-03T08:21:02Z,https://www.cnn.com/2025/06/03/europe/netherlands-government-collapse-geert-wilders-intl
Why working-class people of color may determine MAGA’s political future | CNN Politics,cnn,2025-06-01T10:00:03Z,https://www.cnn.com/2025/06/01/politics/republican-gop-minority-trump-voters-2026
Trump orders ICE officers to expand deportation efforts in Democratic cities | CNN Politics,cnn,2025-06-16T12:10:29Z,https://www.cnn.com/2025/06/16/politics/trump-immigration-democratic-deportation-efforts
Virginia’s Spanberger and New Jersey’s Sherrill helped Democrats win back the House in 2018. Now they’re running for governor,cnn,2025-05-28T09:00:03Z,https://www.cnn.com/2025/05/28/politics/spanberger-sherrill-governor-races
Jury finds MyPillow founder defamed former employee for a leading voting equipment company | CNN Business,cnn,2025-06-16T23:46:48Z,https://www.cnn.com/2025/06/16/media/mypillow-lindell-lawsuit-election
Syria orders women to cover up on beaches with conservative new dress code | CNN,cnn,2025-06-10T21:18:08Z,https://www.cnn.com/2025/06/10/middleeast/syria-dress-code-women-beaches-burkinis-latam-intl
"Democrat Mikie Sherrill and Republican Jack Ciattarelli win New Jersey governor primaries, CNN projects | CNN Politics",cnn,2025-06-11T00:18:23Z,https://www.cnn.com/2025/06/10/politics/new-jersey-governor-primaries
How the New Orleans jail inmate escape unfolded,cnn,2025-05-18T17:38:51Z,https://www.cnn.com/2025/05/18/us/new-orleans-louisiana-inmates-escape
Newsom and California confront Trump with a potential blueprint for Democrats | CNN Politics,cnn,2025-06-11T10:24:13Z,https://www.cnn.com/2025/06/11/politics/gavin-newsom-democrats-fight-trump
House Republicans want to stop states from regulating AI. More than 100 organizations are pushing back | CNN Business,cnn,2025-05-19T14:18:11Z,https://www.cnn.com/2025/05/19/tech/house-spending-bill-ai-provision-organizations-raise-alarm
Melissa Hortman: Who was the Minnesota state representative assassinated in her home? | CNN,cnn,2025-06-14T23:00:27Z,https://www.cnn.com/2025/06/14/us/melissa-hortman-minnesota-assassination
Fact check: Trump’s false suggestion of a ‘genocide’ against White farmers in South Africa | CNN Politics,cnn,2025-05-21T21:13:26Z,https://www.cnn.com/2025/05/21/politics/fact-check-white-farmers-south-africa-trump
Trump feared a fight with Musk could undermine his signature bill. Then their feud erupted | CNN Business,cnn,2025-06-06T20:40:15Z,https://www.cnn.com/2025/06/06/business/musk-trump-fight-bill-economy
"The 10 biggest ways Trump has changed our politics, 10 years later | CNN Politics",cnn,2025-06-16T11:00:03Z,https://www.cnn.com/2025/06/16/politics/trump-golden-escalator-10-years-later-analysis
"The UK and the EU announce new deals and renew ties, 5 years after Brexit",the-times-of-india,2025-05-19T11:18:37Z,https://economictimes.indiatimes.com/news/international/global-trends/the-uk-and-the-eu-announce-new-deals-and-renew-ties-5-years-after-brexit/articleshow/121268562.cms
Housekeeping time for Bangladesh,the-times-of-india,2025-06-06T08:55:01Z,https://economictimes.indiatimes.com/opinion/et-commentary/housekeeping-time-for-bangladesh/articleshow/121671485.cms
India backs early elections in Bangladesh,the-times-of-india,2025-05-29T23:48:06Z,https://timesofindia.indiatimes.com/india/india-backs-early-elections-in-bangladesh/articleshow/121500201.cms
"AAP disengages from INDIA bloc, says alliance was only for 2024 LS polls",the-times-of-india,2025-06-03T18:43:31Z,https://timesofindia.indiatimes.com/india/aap-disengages-from-india-bloc-says-alliance-was-only-for-2024-ls-polls/articleshow/121605557.cms
Chirag Paswan: Ready to contest Bihar polls if it boosts LJP's strike rate,the-times-of-india,2025-06-02T19:50:33Z,https://timesofindia.indiatimes.com/india/chirag-paswan-ready-to-contest-bihar-polls-if-it-boosts-ljps-strike-rate/articleshow/121580364.cms
Elections must be held in B'desh by Dec: Army chief,the-times-of-india,2025-05-23T02:46:53Z,https://timesofindia.indiatimes.com/world/south-asia/elections-must-be-held-in-bdesh-by-dec-army-chief/articleshow/121351189.cms
Mamata Banerjee challenges BJP to hold Bengal elections now,the-times-of-india,2025-05-29T19:11:55Z,https://economictimes.indiatimes.com/news/politics-and-nation/mamata-banerjee-challenges-bjp-to-hold-bengal-elections-now/articleshow/121498204.cms
Mahayuti govt reduces crop compensation after increasing it before elections,the-times-of-india,2025-06-01T08:42:52Z,https://timesofindia.indiatimes.com/city/mumbai/mahayuti-govt-reduces-crop-compensation-after-increasing-it-before-elections/articleshow/121547670.cms
Will Mexico's judicial elections hurt democracy or make courts accountable?,the-times-of-india,2025-05-29T04:47:15Z,https://timesofindia.indiatimes.com/world/rest-of-world/will-mexicos-judicial-elections-hurt-democracy-or-make-courts-accountable/articleshow/121479683.cms
Mexico's first judicial elections stir controversy and confusion among voters,the-times-of-india,2025-06-01T04:17:09Z,https://timesofindia.indiatimes.com/world/rest-of-world/mexicos-first-judicial-elections-stir-controversy-and-confusion-among-voters/articleshow/121545350.cms
"Bangladesh Army chief rejects Rakhine corridor, demands December elections",the-times-of-india,2025-05-21T18:11:34Z,https://economictimes.indiatimes.com/news/india/bangladesh-army-chief-rejects-rakhine-corridor-demands-december-elections/articleshow/121323156.cms
"Govt targeting 2034 to hold 1st 'one nation, one election'",the-times-of-india,2025-06-09T19:42:31Z,https://timesofindia.indiatimes.com/india/govt-targeting-2034-to-hold-1st-one-nation-one-election/articleshow/121737239.cms
Thousands rally in Serbia's capital demanding snap elections after months of protests,the-times-of-india,2025-05-31T01:30:20Z,https://timesofindia.indiatimes.com/world/europe/thousands-rally-in-serbias-capital-demanding-snap-elections-after-months-of-protests/articleshow/121528173.cms
"'BJP will win 10 out of 12 zones in MCD standing committee polls', says BJP MP Ramvir Singh Bidhuri",the-times-of-india,2025-06-02T08:48:04Z,https://timesofindia.indiatimes.com/india/bjp-will-win-10-out-of-12-zones-in-mcd-standing-committee-polls-says-bjp-mp-ramvir-singh-bidhuri/articleshow/121567654.cms
AAP dumps INDIA bloc ahead of poll season,the-times-of-india,2025-06-01T18:30:47Z,https://economictimes.indiatimes.com/news/politics-and-nation/aap-dumps-india-bloc-ahead-of-poll-season/articleshow/121554906.cms
"'Instead of finding excuses, it is time for introspection,' Chirag Paswan slams Rahul Gandhi on poll rigging claims",the-times-of-india,2025-06-07T13:12:49Z,https://economictimes.indiatimes.com/news/politics-and-nation/instead-of-finding-excuses-it-is-time-for-introspection-chirag-paswan-slams-rahul-gandhi-on-poll-rigging-claims/articleshow/121695077.cms
"If it helps party, will definitely contest Bihar polls, says Chirag Paswan; backs Nitish for CM post",the-times-of-india,2025-06-02T11:17:53Z,https://economictimes.indiatimes.com/news/politics-and-nation/if-it-helps-party-will-definitely-contest-bihar-polls-says-chirag-paswan-backs-nitish-for-cm-post/articleshow/121571537.cms
"Dutch PM Schoof resigns, hours after Wilders exits coalition",the-times-of-india,2025-06-03T13:59:45Z,https://economictimes.indiatimes.com/news/international/world-news/dutch-pm-schoof-resigns-hours-after-wilders-exits-coalition/articleshow/121600461.cms
"Sunil Mittal backs 'One Nation, One Election', urges CII to highlight economic benefits",the-times-of-india,2025-05-29T10:06:10Z,https://economictimes.indiatimes.com/news/politics-and-nation/sunil-mittal-backs-one-nation-one-election-urges-cii-to-highlight-economic-benefits/articleshow/121487809.cms
South Korea: Can new president end 'revenge politics'?,the-times-of-india,2025-06-13T10:53:01Z,https://timesofindia.indiatimes.com/world/rest-of-world/south-korea-can-new-president-end-revenge-politics/articleshow/121827793.cms
Purple patch: Cannes Gold Lion for TOI's 'Ink of Democracy',the-times-of-india,2025-06-18T01:57:49Z,https://timesofindia.indiatimes.com/india/purple-patch-cannes-gold-lion-for-tois-ink-of-democracy/articleshow/121920437.cms
Romania & Poland halt hard-right breakthroughs,the-times-of-india,2025-05-19T20:14:24Z,https://timesofindia.indiatimes.com/world/rest-of-world/romania-poland-halt-hard-right-breakthroughs/articleshow/121276732.cms
Donald Trump vs Elon Musk civil war: Is Tesla boss new challenger for Republican President in US midterm elections 2026?,the-times-of-india,2025-06-05T18:53:08Z,https://economictimes.indiatimes.com/news/international/us/donald-trump-vs-elon-musk-civil-war-is-tesla-boss-new-challenger-for-republican-president-in-us-midterm-elections-2026/articleshow/121657918.cms
"Mexicans elect their judges under shadow of crime, corruption",the-times-of-india,2025-06-02T06:22:45Z,https://timesofindia.indiatimes.com/world/rest-of-world/mexicans-elect-their-judges-under-shadow-of-crime-corruption/articleshow/121563974.cms
Bolivia justice minister accuses Morales of 'terrorism' over road blockades,the-times-of-india,2025-06-06T06:30:55Z,https://timesofindia.indiatimes.com/world/rest-of-world/bolivia-justice-minister-accuses-morales-of-terrorism-over-road-blockades/articleshow/121667441.cms
Maharashtra deputy CM Eknath Shinde credits welfare initiatives for Mahayuti victory in assembly elections,the-times-of-india,2025-05-19T07:41:41Z,https://timesofindia.indiatimes.com/city/mumbai/maharashtra-deputy-cm-eknath-shinde-credits-welfare-initiatives-for-mahayuti-victory-in-assembly-elections/articleshow/121264008.cms
"South Koreans vote in snap elections to choose President after martial law, Yeol’s impeachment",the-times-of-india,2025-06-03T07:07:34Z,https://economictimes.indiatimes.com/news/videos/south-koreans-vote-in-snap-elections-to-choose-president-after-martial-law-yeols-impeachment/podcast/121590756.cms
Kamala Harris won the U.S elections: Bombshell report claims voting machines were tampered with before 2024,the-times-of-india,2025-06-09T15:46:17Z,https://economictimes.indiatimes.com/news/international/us/kamala-harris-won-the-u-s-elections-bombshell-report-claims-voting-machines-were-tampered-with-before-2024/articleshow/121732679.cms
INDIA bloc intact; SP to contest 2027 UP elections as part of it: Akhilesh Yadav,the-times-of-india,2025-06-17T15:28:35Z,https://economictimes.indiatimes.com/news/politics-and-nation/india-bloc-intact-sp-to-contest-2027-up-elections-as-part-of-it-akhilesh-yadav/articleshow/121913622.cms
"Virginia Primary 2025: List of candidates running for Democrats, Republican in Virginia elections 2025?",the-times-of-india,2025-06-17T12:30:27Z,https://economictimes.indiatimes.com/news/international/us/virginia-primary-2025-list-of-candidates-running-for-democrats-republican-in-virginia-elections-2025/articleshow/121910786.cms
Second federal judge sides against Trump's election executive order,fox-news,2025-06-13T14:12:11Z,https://www.foxnews.com/politics/second-federal-judge-sides-against-trumps-election-executive-order
California Dem doubts someone from their state could win presidency since they're thought of as 'crazy people',fox-news,2025-06-02T22:33:57Z,https://www.foxnews.com/media/california-dem-doubts-someone-from-state-could-win-presidency-since-theyre-thought-crazy-people
Former Obama advisor says Dems in 'huge bit of trouble' if they can't win Latinos back,fox-news,2025-05-26T16:00:06Z,https://www.foxnews.com/media/former-obama-advisor-says-dems-huge-bit-trouble-cant-win-latinos-back
"Elon Musk’s official role at Trump’s DOGE ends, but his political impact lingers ahead of midterms",fox-news,2025-05-30T15:45:50Z,https://www.foxnews.com/politics/elon-musks-lingering-political-impact-were-gop-concerns-doge-leaders-risks-behind-his-departure
"Democrats predict passing Trump's 'big, beautiful bill' will cost many...Republicans their seats",fox-news,2025-05-22T14:03:06Z,https://www.foxnews.com/politics/democrats-predict-passing-trumps-big-beautiful-bill-cost-many-republicans-seats
"Carville shreds Dem state chair, tells progressives to start their own 'pronoun' party",fox-news,2025-05-23T01:00:58Z,https://www.foxnews.com/media/carville-shreds-dem-state-chair-tells-progressives-start-own-pronoun-party
David Hogg may lose DNC vice chair role after committee votes to hold new election,fox-news,2025-06-11T22:51:59Z,https://www.foxnews.com/politics/david-hogg-may-lose-dnc-vice-chair-role-after-committee-votes-hold-new-election
"Democrat Mikie Sherrill wins NJ gubernatorial primary, setting up showdown with Trump-backed GOP winner",fox-news,2025-06-11T00:41:05Z,https://www.foxnews.com/politics/democrat-mikie-sherrill-wins-nj-gubernatorial-primary-setting-up-showdown-trump-backed-gop-winner
Dems warn House Republicans will pay price at ballot box for passing Trump's 'big beautiful bill',fox-news,2025-05-21T14:09:48Z,https://www.foxnews.com/politics/democrats-warn-house-republicans-pay-price-ballot-box-passing-trumps-big-budget
Netanyahu coalition threatened by conscription standoff with religious parties,fox-news,2025-06-05T18:06:29Z,https://www.foxnews.com/world/netanyahu-coalition-threatened-conscription-standoff-religious-parties
Senate Republican campaign committee 'grills' Chuck Schumer on National Hamburger Day,fox-news,2025-05-28T18:42:40Z,https://www.foxnews.com/politics/senate-republican-campaign-committee-grills-chuck-schumer-national-hamburger-day
Virginia Republicans pick radio host to run alongside Winsome Sears in race to replace Youngkin,fox-news,2025-06-17T23:35:44Z,https://www.foxnews.com/politics/virginia-republicans-pick-radio-host-run-alongside-winsome-sears-race-replace-youngkin
Trump factor: Elections in this key state are seen as a partial referendum on the president,fox-news,2025-06-17T16:00:24Z,https://www.foxnews.com/politics/what-elections-virginia-say-about-donald-trump
Texas governor makes it 'crystal clear' only U.S. citizens can vote in state elections,fox-news,2025-05-27T00:47:16Z,https://www.foxnews.com/politics/texas-governor-makes-crystal-clear-only-u-s-citizens-can-vote-state-elections
Jake Tapper slams Democrats for alienating young men after podcasters mock his son,fox-news,2025-05-30T16:02:33Z,https://www.foxnews.com/media/jake-tapper-slams-democrats-alienating-young-men-after-podcasters-mock-his-son
"Trump not on ballot, but president front and center in New Jersey's primary for governor",fox-news,2025-06-10T09:00:24Z,https://www.foxnews.com/politics/trump-not-ballot-president-front-and-center-new-jerseys-primary-governor
148 Democrats back noncitizen voting in DC as GOP raises alarm about foreign agents,fox-news,2025-06-10T21:48:24Z,https://www.foxnews.com/politics/148-democrats-back-noncitizen-voting-dc-gop-raises-alarm-about-foreign-agents
Virginia Democrats choose nominee to challenge GOP Attorney General Jason Miyares,fox-news,2025-06-18T02:02:20Z,https://www.foxnews.com/politics/virginia-democrats-choose-nominee-challenge-gop-attorney-general-jason-miyares
DOJ sues North Carolina over voter rolls,fox-news,2025-05-28T12:08:36Z,https://www.foxnews.com/politics/doj-sues-north-carolina-over-voter-rolls
Romanian populist who ran for president before election was annulled steps away from politics,fox-news,2025-05-27T11:27:45Z,https://www.foxnews.com/world/romanian-populist-who-ran-president-before-election-annulled-steps-away-politics
Red state tops annual Heritage Foundation scorecard for strongest election integrity: 'Hard to cheat',fox-news,2025-06-03T20:00:41Z,https://www.foxnews.com/politics/red-state-tops-annual-heritage-foundation-scorecard-strongest-election-integrity
Youngkin sets date for special election to fill deep-blue House seat,fox-news,2025-06-03T17:31:20Z,https://www.foxnews.com/politics/youngkin-sets-date-special-election-fill-deep-blue-house-seat
Trump not on ballot but president influences Tuesday's high-stakes primary,fox-news,2025-06-17T10:00:58Z,https://www.foxnews.com/politics/trump-not-ballot-president-influences-tuesdays-high-stakes-primary
Election investigation uncovers alleged illegal voting by noncitizens and double voters in multiple states,fox-news,2025-06-03T14:43:03Z,https://www.foxnews.com/politics/election-investigation-uncovers-alleged-illegal-voting-noncitizens-double-voters-multiple-states
"Fetterman issues 'DO' and 'DO NOT' list, doubling down on anti-violence message after calling out LA 'anarchy'",fox-news,2025-06-12T10:03:45Z,https://www.foxnews.com/politics/fetterman-issues-do-do-not-list-doubling-down-anti-violence-message-after-calling-out-la-anarchy
Trump ally Tuberville announces run for Alabama governor,fox-news,2025-05-27T20:26:08Z,https://www.foxnews.com/politics/trump-ally-tuberville-announces-run-alabama-governor
'Distraction': The Democratic Party is ready to leave their David Hogg drama in the dust,fox-news,2025-06-12T20:09:41Z,https://www.foxnews.com/politics/democratic-party-ready-leave-david-hogg-drama-dust
New Jersey gubernatorial candidates gear up for competitive primary in early test of Trump's 2nd term,fox-news,2025-06-01T16:00:58Z,https://www.foxnews.com/politics/new-jersey-gubernatorial-candidates-gear-up-competitive-primary-early-test-trumps-2nd-term
House Dems' campaign chair says her party's 'on offense' in 2026 battle to win back majority from GOP,fox-news,2025-06-01T13:00:50Z,https://www.foxnews.com/politics/house-dems-campaign-chair-says-her-partys-on-offense-2026-battle
Dutch right-wing leader Wilders' party leaves government coalition over immigration,fox-news,2025-06-03T12:30:43Z,https://www.foxnews.com/world/dutch-right-wing-leader-wilders-party-leaves-government-coalition-over-immigration
'Significant amount' of private data stolen in UK Legal Aid hack,bbc-news,2025-05-19T11:21:59Z,https://www.bbc.co.uk/news/articles/cgr5g4pv2l0o
Assignment: Balochistan - the women of the vanished,bbc-news,2025-06-10T00:30:00Z,https://www.bbc.co.uk/programmes/p0lg51p9
Russian informers: Hunting the enemy within,bbc-news,2025-06-04T00:30:00Z,https://www.bbc.co.uk/programmes/p0lg4y6r
The Fifth Floor: The reality of reporting in Syria,bbc-news,2025-05-24T12:30:00Z,https://www.bbc.co.uk/programmes/p0lcvcpw
Israeli government responds to deaths of children in Gaza,bbc-news,2025-05-25T13:34:00Z,https://www.bbc.co.uk/programmes/w172zss2c9nf6yq
Trump heaps praise on Musk as tech baron leaves US government,bbc-news,2025-05-30T21:38:00Z,https://www.bbc.co.uk/programmes/w172zss2qkz1jqd
Inside a hospital in Southern Gaza bracing for a new Israeli offensive,bbc-news,2025-05-26T21:28:00Z,https://www.bbc.co.uk/programmes/w172zss2qkyny30
US House passes 'big beautiful' tax and spending bill,bbc-news,2025-05-22T21:16:00Z,https://www.bbc.co.uk/programmes/w172zss2c9n5h6g
Trump’s tariffs reinstated,bbc-news,2025-05-29T21:16:00Z,https://www.bbc.co.uk/programmes/w172zss2qkyymt9
Aid group backed by US and Israel claims to have delivered food in Gaza,bbc-news,2025-05-27T14:15:00Z,https://www.bbc.co.uk/programmes/w172zss2qkyqzs6
Israel announces twenty-two new settlements in the West Bank,bbc-news,2025-05-29T15:42:00Z,https://www.bbc.co.uk/programmes/w172zss2qkyxsld
Israel says it will investigate Palestinian deaths,bbc-news,2025-06-03T21:08:00Z,https://www.bbc.co.uk/programmes/w172zss32v8jzly
UK suspends trade talks with Israel,bbc-news,2025-05-20T21:24:00Z,https://www.bbc.co.uk/programmes/w172zss2c9mzpd8
Right-winger wins Polish presidential election,bbc-news,2025-06-02T14:50:00Z,https://www.bbc.co.uk/programmes/w172zss32v8f7gy
Government borrowing higher than expected in April,bbc-news,2025-05-22T06:12:12Z,https://www.bbc.co.uk/news/articles/c3e55l8zx4go
Government accused of blaming record crossings on the weather,bbc-news,2025-06-03T16:15:56Z,https://www.bbc.co.uk/news/articles/cwy3vq22xqzo
Natasha Akpoti-Uduaghan: Nigerian senator sued by government over assassination claims,bbc-news,2025-05-23T11:48:17Z,https://www.bbc.co.uk/news/articles/cre9nry0wexo
"Labour wins Hamilton, Larkhall and Stonehouse by-election",bbc-news,2025-06-06T00:35:16Z,https://www.bbc.co.uk/news/articles/cpw7ppj2wyxo
Proud Boys sue US government for $100m over Jan 6 prosecutions,bbc-news,2025-06-06T23:12:43Z,https://www.bbc.co.uk/news/articles/cr4z7zyl0gwo
Zia Yusuf resigns as Reform UK chairman,bbc-news,2025-06-05T16:32:18Z,https://www.bbc.co.uk/news/articles/cq54p9epdg6o
Slovakia approves sale of brown bear meat to public,bbc-news,2025-05-28T10:12:30Z,https://www.bbc.co.uk/news/articles/c4gkpy3x3ndo
"'Collective failure' to address questions about grooming gangs' ethnicity, says Casey report",bbc-news,2025-06-16T06:41:17Z,https://www.bbc.co.uk/news/live/c6292x36d4pt
Social media time limits for children considered by government,bbc-news,2025-06-08T13:56:16Z,https://www.bbc.co.uk/news/articles/c3d4349gdx4o
Will Musk's explosive row with Trump help or harm his businesses?,bbc-news,2025-06-06T23:35:16Z,https://www.bbc.co.uk/news/articles/ceqgdnd2g9xo
Musk sports black eye at White House farewell with Trump,bbc-news,2025-05-31T08:28:34Z,https://www.bbc.co.uk/news/videos/cdr5eyjv306o
Spain clamps down on Airbnb as tourism backlash returns for summer,bbc-news,2025-05-20T12:48:43Z,https://www.bbc.co.uk/news/articles/c3wdd8lg581o
Thames Water suffers blow as preferred bidder pulls out,bbc-news,2025-06-03T06:45:01Z,https://www.bbc.co.uk/news/articles/c93leknykvyo
"Post Office offer amounts to just half of my claim, says Bates",bbc-news,2025-05-25T07:32:30Z,https://www.bbc.co.uk/news/articles/c1kvzkg308wo
Reeves outlines plan for £25bn pension 'megafunds',bbc-news,2025-05-29T01:14:18Z,https://www.bbc.co.uk/news/articles/cjrn0rz2dpgo
"Gas storage facility could close without government help, Centrica boss warns",bbc-news,2025-05-18T11:31:53Z,https://www.bbc.co.uk/news/articles/c0mrwdzvrmzo
"Sanctioned Ukrainian ex-politician killed outside Madrid’s American school, police source says",cnn,2025-05-21T11:44:15Z,https://www.cnn.com/2025/05/21/europe/madrid-shooting-ukrainian-ex-politician-portnov-intl
"4 things are making us sick, new MAHA documentary says. What the research says",cnn,2025-05-31T16:00:03Z,https://www.cnn.com/2025/05/31/health/maha-toxic-nation-rfk-jr-wellness
DEMENTIA WATCH: Curious case of Trump's disappearing transcripts...,cnn,2025-05-23T16:07:38Z,https://www.cnn.com/2025/05/22/media/donald-trump-media-white-house-transcript-purge
Top RFK Jr. aide attacks US health system while running company that promotes wellness alternatives,cnn,2025-06-10T18:16:09Z,https://www.cnn.com/2025/06/10/health/calley-means-financial-stake
'Sell America' back on after massive debt warning...,cnn,2025-05-20T01:16:36Z,https://www.cnn.com/2025/05/19/investing/stock-market-dow-sell-america-downgrade
FBI bosses angering the MAGA media bubble they once stoked...,cnn,2025-05-19T13:10:37Z,https://www.cnn.com/2025/05/19/media/dan-bongino-kash-patel-fbi-trump-maga-media-conspiracies
Musk brought 'world's biggest supercomputer' to Memphis. Residents choking on its pollution...,cnn,2025-05-19T13:10:37Z,https://www.cnn.com/2025/05/19/climate/xai-musk-memphis-turbines-pollution
Modi visits restive Indian region to inaugurate world’s highest railway bridge,cnn,2025-06-06T06:59:14Z,https://www.cnn.com/2025/06/06/travel/india-world-highest-bridge-kashmir-chenab-intl-hnk
"After Decades Of Trying, Republicans May Finally Get To Kill Funding For Public Broadcasting Today",cnn,2025-06-12T15:15:00Z,https://www.cnn.com/2025/06/12/media/pbs-npr-defund-rescissions-trump-conservative-media
‘Cities turned into theme parks’: Why Airbnb is facing trouble in Spain,cnn,2025-05-30T09:14:46Z,https://www.cnn.com/2025/05/30/travel/why-airbnb-facing-trouble-spain
MANHUNT FOR MINNESOTA ASSASSIN,cnn,2025-06-15T14:00:03Z,https://www.cnn.com/us/live-news/minnesota-shootings-manhunt-06-15-25
Betting site bans individual over heckling incident with Olympic champion sprinter Gabby Thomas,cnn,2025-06-05T09:20:46Z,https://www.cnn.com/2025/06/05/sport/gabby-thomas-fanduel-bans-heckler-spt
Opens investigation into Andrew Cuomo...,cnn,2025-05-21T12:00:03Z,https://www.cnn.com/2025/05/20/politics/andrew-cuomo-department-of-justice-investigation
"A Japanese manga claims a natural disaster is imminent. Now, some tourists are canceling their trips | CNN",cnn,2025-05-19T12:56:37Z,https://www.cnn.com/2025/05/19/travel/japan-trips-canceled-fortune-tellers-comic-book-intl-hnk
"Russian military figure killed in explosion deep inside the country, authorities say",cnn,2025-05-29T12:10:34Z,https://www.cnn.com/2025/05/29/europe/russia-gurtsiev-stavropol-blast-intl
From spoiled superstars to hunger and hard work: How PSG changed its image,cnn,2025-05-31T04:00:03Z,https://www.cnn.com/2025/05/31/sport/psg-changed-image-champions-league-spt-intl
The ‘r-word’ is back. How a slur became renormalized,cnn,2025-05-31T12:30:03Z,https://www.cnn.com/2025/05/31/us/r-word-slur-comeback-cec
US citizens and legal immigrants would be impacted by bill to keep ‘illegal aliens’ from benefits,cnn,2025-06-11T10:34:51Z,https://www.cnn.com/2025/06/11/politics/reconciliation-bill-government-benefits-immigrants
"Judge says government can’t limit passport sex markers for many transgender, nonbinary people | CNN Politics",cnn,2025-06-17T23:45:24Z,https://www.cnn.com/2025/06/17/politics/judge-passport-sex-markers-transgender-people
Supreme Court pauses attempt to force DOGE to clarify its role | CNN Politics,cnn,2025-05-23T19:31:36Z,https://www.cnn.com/2025/05/23/politics/supreme-court-pauses-attempt-to-force-doge-to-clarify-its-role
Education Department pays over $7 million a month to employees forced to sit idle | CNN Politics,cnn,2025-06-09T11:00:03Z,https://www.cnn.com/2025/06/09/politics/education-department-idle-employees
Supreme Court restores DOGE’s access to sensitive Social Security data | CNN Politics,cnn,2025-06-06T20:41:57Z,https://www.cnn.com/2025/06/06/politics/supreme-court-restores-doges-access-to-sensitive-social-security-data
Small businesses struggle under Trump’s tariff whiplash: ‘I’m so angry that my government has done this to me’,cnn,2025-06-01T11:13:53Z,https://www.cnn.com/2025/06/01/business/small-businesses-struggle-under-trumps-tariffs
US to impose sanctions on Sudan after finding government used chemical weapons | CNN,cnn,2025-05-23T10:17:21Z,https://www.cnn.com/2025/05/23/africa/sudan-chemical-weapons-us-sanctions-intl
Dutch government collapses as Wilders’ far-right party leaves coalition | CNN,cnn,2025-06-03T08:21:02Z,https://www.cnn.com/2025/06/03/europe/netherlands-government-collapse-geert-wilders-intl
ISIS claims first attacks against forces loyal to new government in Syria | CNN,cnn,2025-05-31T11:10:38Z,https://www.cnn.com/2025/05/31/middleeast/isis-attacks-syria-government-forces-intl
"UK, Canada and Western allies sanction two far-right Israeli government ministers | CNN",cnn,2025-06-10T13:05:35Z,https://www.cnn.com/2025/06/10/uk/uk-sanctions-israel-ministers-smotrich-ben-gvir-intl
"Fannie Mae, Freddie Mac: Trump ‘giving very serious consideration’ to spinning off mortgage giants",cnn,2025-05-22T00:12:54Z,https://www.cnn.com/2025/05/21/business/trump-fannie-freddie-mortgage-privatization
UK will roll out chemical castration for sex offenders | CNN,cnn,2025-05-22T18:58:07Z,https://www.cnn.com/2025/05/22/europe/uk-chemical-castration-sex-offenders-latam-intl
Appeals court won’t lift order requiring Trump to facilitate return of asylum seeker deported to El Salvador | CNN Politics,cnn,2025-05-19T22:01:13Z,https://www.cnn.com/2025/05/19/politics/asylum-seeker-el-salvador-order
M&M emerges as top auto pick with EV and SUV momentum: Chakri Lokapriya,the-times-of-india,2025-06-05T04:34:48Z,https://economictimes.indiatimes.com/markets/expert-view/mm-emerges-as-top-auto-pick-with-ev-and-suv-momentum-chakri-lokapriya/articleshow/121638370.cms
"RBI accepts bids worth Rs 9,296 crore in switch auction",the-times-of-india,2025-06-16T23:47:46Z,https://economictimes.indiatimes.com/markets/bonds/rbi-accepts-bids-worth-rs-9296-crore-in-switch-auction/articleshow/121895943.cms
Zomato poised for smart rebound post capex cycle: Mayuresh Joshi,the-times-of-india,2025-06-06T04:45:18Z,https://economictimes.indiatimes.com/markets/expert-view/zomato-poised-for-smart-rebound-post-capex-cycle-mayuresh-joshi/articleshow/121665443.cms
"High input costs cloud outlook for fertiliser, chemical companies",the-times-of-india,2025-06-10T00:17:10Z,https://economictimes.indiatimes.com/markets/stocks/news/high-input-costs-cloud-outlook-for-fertiliser-chemical-companies/articleshow/121739848.cms
"Oswal Pumps plans Rs 890 crore IPO to repay debt, expand capital expenditure",the-times-of-india,2025-06-13T00:17:12Z,https://economictimes.indiatimes.com/markets/ipos/fpos/oswal-pumps-plans-rs-890-crore-ipo-to-repay-debt-expand-capital-expenditure/articleshow/121814328.cms
Chad announces suspension of visas to US citizens in response to Trump travel ban,the-times-of-india,2025-06-08T10:00:29Z,https://economictimes.indiatimes.com/news/international/global-trends/chad-announces-suspension-of-visas-to-us-citizens-in-response-to-trump-travel-ban/articleshow/121706069.cms
Will drone stocks continue to soar after recent military conflict?,the-times-of-india,2025-05-20T23:56:42Z,https://economictimes.indiatimes.com/markets/stocks/news/will-drone-stocks-continue-to-soar-after-recent-military-conflict/articleshow/121302449.cms
Asian stocks advance after rebound on Wall Street,the-times-of-india,2025-05-20T01:07:04Z,https://economictimes.indiatimes.com/markets/stocks/news/asian-stocks-advance-after-rebound-on-wall-street/articleshow/121279535.cms
"Asian stocks advance on trade talks, US jobs data",the-times-of-india,2025-06-09T01:05:33Z,https://economictimes.indiatimes.com/markets/stocks/news/asian-stocks-advance-on-trade-talks-us-jobs-data/articleshow/121715459.cms
How Mexico's cartels recruit children and groom them into killers,the-times-of-india,2025-05-28T10:34:39Z,https://economictimes.indiatimes.com/news/international/global-trends/how-mexicos-cartels-recruit-children-and-groom-them-into-killers/articleshow/121463514.cms
Government abandons SCO statement condemning Israel,the-times-of-india,2025-06-14T18:55:59Z,https://timesofindia.indiatimes.com/india/government-abandons-sco-statement-condemning-israel/articleshow/121854544.cms
"The UK and the EU announce new deals and renew ties, 5 years after Brexit",the-times-of-india,2025-05-19T11:18:37Z,https://economictimes.indiatimes.com/news/international/global-trends/the-uk-and-the-eu-announce-new-deals-and-renew-ties-5-years-after-brexit/articleshow/121268562.cms
Govt wheat procurement so far this year 11% more than entire 2024 purchase,the-times-of-india,2025-05-19T17:02:20Z,https://timesofindia.indiatimes.com/india/govt-wheat-procurement-so-far-this-year-11-more-than-entire-2024-purchase/articleshow/121274370.cms
BOJ urged to boost bond buying in wake of spike in super-long yields,the-times-of-india,2025-05-21T02:10:30Z,https://economictimes.indiatimes.com/markets/bonds/boj-urged-to-boost-bond-buying-in-wake-of-spike-in-super-long-yields/articleshow/121304041.cms
"US Federal Reserve flags inflation, unemployment risks",the-times-of-india,2025-05-29T00:19:15Z,https://economictimes.indiatimes.com/markets/stocks/news/us-federal-reserve-flags-inflation-unemployment-risks/articleshow/121476415.cms
Asian stocks set to advance as US inflation cools,the-times-of-india,2025-06-13T01:08:26Z,https://economictimes.indiatimes.com/markets/stocks/news/asian-stocks-set-to-advance-as-us-inflation-cools/articleshow/121814838.cms
WACE of Australia is 1st foreign government-backed board in India,the-times-of-india,2025-06-06T22:11:58Z,https://timesofindia.indiatimes.com/india/wace-of-australia-is-1st-foreign-government-backed-board-in-india/articleshow/121684705.cms
"Modi government at 11: Operation Sindoor a success, but defence budget needs to go up",the-times-of-india,2025-06-11T01:55:29Z,https://timesofindia.indiatimes.com/india/modi-government-at-11-operation-sindoor-a-success-but-defence-budget-needs-to-go-up/articleshow/121765634.cms
"Quit Tehran, government tells Indian citizens, moves students out of city",the-times-of-india,2025-06-17T20:44:46Z,https://timesofindia.indiatimes.com/india/quit-tehran-government-tells-indian-citizens-moves-students-out-of-city/articleshow/121917347.cms
"Global risks loom, but India stands tall amidst Asia's volatile recovery: Geoff Dennis",the-times-of-india,2025-05-19T04:47:23Z,https://economictimes.indiatimes.com/markets/expert-view/global-risks-loom-but-india-stands-tall-amidst-asias-volatile-recovery-geoff-dennis/articleshow/121260025.cms
"Focus on connection with citizens, PM tells ministries; no celebration of 11th year",the-times-of-india,2025-05-31T06:05:42Z,https://timesofindia.indiatimes.com/india/focus-on-connection-with-citizens-pm-tells-ministries-no-celebration-of-11th-year/articleshow/121530683.cms
"Uttarakhand CM Dhami interacts with citizens using CM Helpline-1905, directs officials to resolve problems",the-times-of-india,2025-05-21T11:50:15Z,https://timesofindia.indiatimes.com/india/uttarakhand-cm-dhami-interacts-with-citizens-using-cm-helpline-1905-directs-officials-to-resolve-problems/articleshow/121316651.cms
Mumbra train mishap: Probe slows down as inputs from key CR staff awaited,the-times-of-india,2025-06-15T18:36:44Z,https://timesofindia.indiatimes.com/india/mumbra-train-mishap-probe-slows-down-as-inputs-from-key-cr-staff-awaited/articleshow/121867896.cms
What’s there in store for metal stocks? Amnish Aggarwal explains,the-times-of-india,2025-05-29T08:23:07Z,https://economictimes.indiatimes.com/markets/expert-view/whats-there-in-store-for-metal-stocks-amnish-aggarwal-explains/articleshow/121485159.cms
"Donald Trump hopes for ceasefire progress in Russia-Ukraine war in Monday calls with Putin, Zelenskyy",the-times-of-india,2025-05-19T04:20:54Z,https://economictimes.indiatimes.com/news/international/global-trends/donald-trump-hopes-for-ceasefire-progress-in-russia-ukraine-war-in-monday-calls-with-putin-zelenskyy/articleshow/121259566.cms
Fund Manager Talk | Why Kotak MF believes that India's manufacturing boom is just getting started,the-times-of-india,2025-06-02T03:31:00Z,https://economictimes.indiatimes.com/markets/expert-view/fund-manager-talk-why-kotak-mf-believes-that-indias-manufacturing-boom-is-just-getting-started/articleshow/121551772.cms
"Government proposes online registration of property, documents",the-times-of-india,2025-05-27T21:53:29Z,https://timesofindia.indiatimes.com/india/government-proposes-online-registration-of-property-documents/articleshow/121449353.cms
Bangladesh government workers protest tax authority reform,the-times-of-india,2025-05-25T15:17:02Z,https://timesofindia.indiatimes.com/world/south-asia/bangladesh-government-workers-protest-tax-authority-reform/articleshow/121395821.cms
Vietnam lawmakers abolish district-level government,the-times-of-india,2025-06-16T04:35:31Z,https://timesofindia.indiatimes.com/world/rest-of-world/vietnam-lawmakers-abolish-district-level-government/articleshow/121874143.cms
Government notifies rules for tri-Service commanders,the-times-of-india,2025-05-28T21:07:59Z,https://timesofindia.indiatimes.com/india/government-notifies-rules-for-tri-service-commanders/articleshow/121474063.cms
Digital Social Security cards coming this summer,fox-news,2025-06-09T14:00:03Z,https://www.foxnews.com/tech/digital-social-security-cards-coming-summer
"Major data broker hack impacts 364,000 individuals’ data",fox-news,2025-06-05T14:00:34Z,https://www.foxnews.com/tech/major-data-broker-hack-impacts-over-364000-individuals-data
Harvard commencement speaker decries Trump administration's 'draconian government measures',fox-news,2025-06-01T18:00:52Z,https://www.foxnews.com/media/harvard-commencement-speaker-decries-trump-administrations-draconian-government-measures
Invisible tax: Government debt is crushing your finances,fox-news,2025-05-30T09:00:00Z,https://www.foxnews.com/opinion/invisible-tax-government-debt-crushing-your-finances
Elon Musk biographer believes billionaire is 'frustrated' as he exits DOGE,fox-news,2025-05-30T19:11:51Z,https://www.foxnews.com/media/elon-musk-biographer-believes-billionaire-frustrated-he-exits-doge
Diddy hires former DOJ expert to save assets from government seizure: Inside empire at stake,fox-news,2025-05-19T08:00:03Z,https://www.foxnews.com/entertainment/diddy-hires-former-doj-expert-save-assets-from-government-seizure-inside-empire-stake
GOP senator says federal government will 'need to play a big role' after tornadoes ravage Midwest,fox-news,2025-05-20T12:12:56Z,https://www.foxnews.com/politics/gop-senator-says-federal-government-going-need-play-big-role-after-tornadoes-ravage-midwest
Former Israeli government spokesperson warns country is in an 'impossible bind' in Gaza,fox-news,2025-05-27T18:17:39Z,https://www.foxnews.com/world/former-israeli-government-spokesperson-warns-country-impossible-bind-gaza
"UFO cover used by government to ‘hide a lot of things,’ former NASA agent says",fox-news,2025-06-15T10:00:25Z,https://www.foxnews.com/us/ufo-cover-used-government-hide-things-former-nasa-agent-says
"Harvard sues Trump admin over foreign student ban, describes it as 'government vendetta’",fox-news,2025-06-06T02:33:41Z,https://www.foxnews.com/politics/harvard-sues-trump-admin-foreign-student-ban-describes-government-vendetta
British government considers chemical castration in plan to reduce prison population,fox-news,2025-05-25T13:45:02Z,https://www.foxnews.com/world/british-government-considers-chemical-castration-plan-reduce-prison-population
"Israel's Netanyahu holds on to power, attempt to dissolve government falls short",fox-news,2025-06-12T12:33:48Z,https://www.foxnews.com/world/israels-netanyahu-holds-power-attempt-dissolve-government-falls-short
"Government spending, ‘destruction’ of programs top list of concerns of voters in swing state",fox-news,2025-06-16T10:00:21Z,https://www.foxnews.com/media/government-spending-destruction-programs-top-list-concerns-voters-swing-state
"US Embassy in Israel tells government employees, families to shelter in place amid Iran strikes",fox-news,2025-06-15T08:46:37Z,https://www.foxnews.com/world/us-embassy-israel-tells-government-employees-families-shelter-place-amid-iran-strikes
Musk officially steps down from DOGE after wrapping work streamlining government,fox-news,2025-05-29T00:45:42Z,https://www.foxnews.com/politics/elon-musk-officially-steps-down-from-doge-after-wrapping-his-work-streamlining-federal-government
Government employee held after attempt to share classified information with foreign country,fox-news,2025-05-30T21:38:37Z,https://www.foxnews.com/politics/government-employee-held-attempt-share-classified-information-foreign-country
Dutch right-wing leader Wilders' party leaves government coalition over immigration,fox-news,2025-06-03T12:30:43Z,https://www.foxnews.com/world/dutch-right-wing-leader-wilders-party-leaves-government-coalition-over-immigration
Musk’s departure marks new chapter for government efficiency in border security,fox-news,2025-06-01T12:00:30Z,https://www.foxnews.com/politics/musks-departure-marks-new-chapter-government-efficiency-border-security
Musk confident DOGE will save $1 trillion as government cost cutting continues,fox-news,2025-05-30T20:54:16Z,https://www.foxnews.com/politics/musk-confident-doge-save-1-trillion-government-cost-cutting-continues
Blackwater founder Erik Prince teams with Haitian government to fight gang violence,fox-news,2025-05-29T21:33:25Z,https://www.foxnews.com/us/blackwater-founder-erik-prince-teams-haitian-government-fight-gang-violence
US IT specialist arrested after attempting to share classified information with foreign government: DOJ,fox-news,2025-05-30T08:18:41Z,https://www.foxnews.com/us/us-it-specialist-arrested-attempting-share-classified-information-foreign-government-doj
US government taking ‘dramatically different approach’ using terrorism charges against drug cartels: FBI alum,fox-news,2025-06-02T08:00:28Z,https://www.foxnews.com/us/us-government-taking-dramatically-different-approach-using-terrorism-charges-against-drug-cartels-fbi-alum
DOGE will go on: Hill pork hawk says rooting out government waste will continue after Elon,fox-news,2025-06-06T21:19:41Z,https://www.foxnews.com/politics/doge-go-on-hill-pork-hawk-says-rooting-out-government-waste-continue-after-elon
'American hero' or 'failure': Elon Musk's DOGE departure divides Capitol Hill,fox-news,2025-05-30T18:16:24Z,https://www.foxnews.com/politics/american-hero-failure-elon-musks-doge-departure-divides-capitol-hill
Dem senators propose bill to punish El Salvador for ‘collusion’ with Trump,fox-news,2025-06-12T22:29:52Z,https://www.foxnews.com/politics/dem-senators-propose-bill-punish-el-salvador-collusion-trump
Elon built the DOGE rocket and it’s going to keep flying,fox-news,2025-06-01T12:00:07Z,https://www.foxnews.com/opinion/elon-built-doge-rocket-its-going-keep-flying
"Judge restricts DOGE access to federal databases, finding 'breach of law and trust'",fox-news,2025-06-10T13:18:52Z,https://www.foxnews.com/politics/judge-restricts-doge-access-federal-databases-finding-breach-law-trust
"Holocaust survivor among victims in Boulder, Colorado suspected terror attack",fox-news,2025-06-02T17:52:38Z,https://www.foxnews.com/us/holocaust-survivor-among-victims-boulder-colorado-suspected-terror-attack
Whistleblower accuses Biden admin of leaving thousands of migrant child trafficking reports uninvestigated,fox-news,2025-06-01T13:47:47Z,https://www.foxnews.com/media/whistleblower-accuses-biden-admin-leaving-thousands-migrant-child-trafficking-reports-uninvestigated
DOGE slashes over $5 million by cutting thousands of unused software licenses,fox-news,2025-05-31T02:53:26Z,https://www.foxnews.com/politics/doge-slashes-5-million-cutting-thousands-unused-software-licenses
